id,ycoord,xcoord
1 ,41.6941879,-87.76154923
2 ,41.4566879,-87.69659733
3 ,41.4316879,-87.69659733
4 ,41.4441879,-87.67494669
5 ,41.7691879,-87.58834415
6 ,41.6816879,-87.60999479
7 ,41.4566879,-87.65329606
8 ,41.4441879,-87.63164542
9 ,41.5066879,-87.78319987
10 ,41.4941879,-87.76154923
11 ,41.7566879,-87.56669352
12 ,41.7691879,-87.54504288
13 ,41.7566879,-87.52339225
14 ,41.8191879,-87.63164542
15 ,41.7316879,-87.60999479
16 ,41.6691879,-87.63164542
17 ,41.6566879,-87.60999479
18 ,41.8191879,-87.76154923
19 ,41.8941879,-87.84815177
20 ,41.8816879,-87.82650114
21 ,41.8691879,-87.84815177
22 ,42.0316879,-88.1729113
23 ,42.03488797,-88.15219558
24 ,41.8316879,-87.78319987
25 ,41.8191879,-87.8048505
26 ,42.0566879,-87.86980241
27 ,41.63493718,-87.58922986
28 ,42.1316879,-88.30281511
29 ,42.1066879,-88.30281511
30 ,42.15033865,-88.27688355
31 ,42.1191879,-88.28116447
32 ,41.77140385,-87.57126967
33 ,41.7566879,-87.69659733
34 ,41.7441879,-87.67494669
35 ,41.7816879,-88.21621257
36 ,42.3316879,-87.86980241
37 ,42.3066879,-87.86980241
38 ,42.3191879,-87.84815177
39 ,41.8441879,-88.28116447
40 ,41.7066879,-87.82650114
41 ,41.6816879,-87.82650114
42 ,41.6941879,-87.8048505
43 ,42.0066879,-88.30281511
44 ,42.0191879,-88.28116447
45 ,41.69464306,-87.60160517
46 ,41.6691879,-87.58834415
47 ,41.7066879,-87.56669352
48 ,41.6816879,-87.56669352
49 ,41.6566879,-87.56669352
50 ,41.6941879,-87.54504288
51 ,41.6691879,-87.54504288
52 ,42.4816879,-87.82650114
53 ,42.4941879,-87.8048505
54 ,42.4691879,-87.8048505
55 ,42.4441879,-87.8048505
56 ,42.04802765,-88.3043897
57 ,42.0316879,-88.30281511
58 ,42.0441879,-88.28116447
59 ,41.7316879,-88.34611638
60 ,41.7441879,-88.32446575
61 ,41.7191879,-88.32446575
62 ,41.8691879,-88.19456193
63 ,41.8566879,-88.1729113
64 ,41.5191879,-88.06465812
65 ,41.5316879,-88.04300749
66 ,42.1316879,-88.25951384
67 ,41.5316879,-87.65329606
68 ,41.6191879,-87.71824796
69 ,41.6316879,-87.69659733
70 ,41.8316879,-88.08630876
71 ,42.4191879,-87.84815177
72 ,42.4316879,-87.82650114
73 ,42.4066879,-87.82650114
74 ,41.8316879,-87.99970622
75 ,42.4691879,-87.84815177
76 ,42.4441879,-87.84815177
77 ,42.0441879,-88.32446575
78 ,41.4691879,-87.71824796
79 ,41.4691879,-87.67494669
80 ,41.7816879,-88.34611638
81 ,41.7941879,-88.32446575
82 ,41.7191879,-88.36776702
83 ,41.7441879,-88.2378632
84 ,41.7191879,-88.2378632
85 ,41.7316879,-88.21621257
86 ,41.4816879,-87.56669352
87 ,41.48444512,-87.54897936
88 ,41.45863322,-87.55198093
89 ,41.4816879,-87.52339225
90 ,41.4941879,-87.71824796
91 ,41.8816879,-87.99970622
92 ,41.9408911,-87.88082455
93 ,41.98562606,-88.11184667
94 ,42.0066879,-88.08630876
95 ,41.9816879,-88.08630876
96 ,42.0316879,-88.25951384
97 ,42.1566879,-88.04300749
98 ,42.1441879,-88.02135685
99 ,42.02770054,-87.93007974
100 ,42.0066879,-87.91310368
101 ,41.97371653,-88.13694172
102 ,41.7816879,-88.08630876
103 ,41.9316879,-88.12961003
104 ,41.91928631,-88.0956579
105 ,41.8941879,-88.19456193
106 ,41.7441879,-87.84815177
107 ,41.7566879,-87.82650114
108 ,41.7441879,-87.76154923
109 ,41.6316879,-87.56669352
110 ,41.6441879,-87.54504288
111 ,41.6191879,-87.54504288
112 ,41.5441879,-87.54504288
113 ,41.5566879,-87.52339225
114 ,41.6066879,-87.52339225
115 ,41.5816879,-87.52339225
116 ,41.5941879,-87.54504288
117 ,41.5941879,-87.67494669
118 ,41.58729739,-87.66048013
119 ,41.5691879,-87.67494669
120 ,41.7191879,-87.76154923
121 ,41.5816879,-87.60999479
122 ,41.64379426,-87.75215089
123 ,41.6566879,-87.7398986
124 ,41.6441879,-87.71824796
125 ,41.56333071,-87.56615225
126 ,41.62302765,-87.65639603
127 ,41.6191879,-87.63164542
128 ,42.2816879,-87.99970622
129 ,42.2566879,-87.99970622
130 ,42.2941879,-87.97805558
131 ,42.2748958,-87.97239689
132 ,41.51151177,-87.58893462
133 ,41.50555617,-87.61944234
134 ,41.50412751,-87.58972192
135 ,41.5191879,-87.71824796
136 ,41.5066879,-87.69659733
137 ,41.4298656,-87.67470066
138 ,41.4316879,-87.65329606
139 ,41.4191879,-87.63164542
140 ,41.5316879,-88.08630876
141 ,41.5066879,-88.08630876
142 ,41.8441879,-88.15126066
143 ,41.8566879,-88.12961003
144 ,41.6566879,-87.69659733
145 ,41.6441879,-87.67494669
146 ,41.8441879,-88.19456193
147 ,42.2566879,-88.12961003
148 ,41.7816879,-88.30281511
149 ,41.7941879,-88.28116447
150 ,41.6566879,-87.65329606
151 ,41.6441879,-87.63164542
152 ,42.2941879,-87.84815177
153 ,41.6941879,-87.67494669
154 ,41.7066879,-87.65329606
155 ,41.7691879,-87.71824796
156 ,41.7191879,-87.63164542
157 ,41.7566879,-87.7398986
158 ,41.7441879,-87.71824796
159 ,42.41899108,-87.92387979
160 ,42.3941879,-87.93475431
161 ,42.4066879,-87.91310368
162 ,42.38109743,-87.90365613
163 ,42.2816879,-87.86980241
164 ,41.54935621,-88.04901062
165 ,32.90271177,-97.54255618
166 ,32.89021177,-97.52090554
167 ,32.86521177,-97.52090554
168 ,32.75271177,-97.45595364
169 ,32.72771177,-97.45595364
170 ,32.70271177,-97.45595364
171 ,32.76521177,-97.434303
172 ,32.74021177,-97.434303
173 ,32.71521177,-97.434303
174 ,32.80271177,-97.41265237
175 ,32.75271177,-97.41265237
176 ,32.80335312,-97.38942714
177 ,32.79021177,-97.39100173
178 ,32.76521177,-97.39100173
179 ,32.74021177,-97.39100173
180 ,32.66521177,-97.39100173
181 ,32.64021177,-97.39100173
182 ,32.78420696,-97.36452891
183 ,32.75271177,-97.3693511
184 ,32.65271177,-97.3693511
185 ,32.76521177,-97.34770046
186 ,32.78076254,-97.3143388
187 ,32.75271177,-97.32604982
188 ,32.72771177,-97.32604982
189 ,32.86521177,-97.30439919
190 ,32.84021177,-97.30439919
191 ,32.76521177,-97.30439919
192 ,32.74021177,-97.30439919
193 ,32.71521177,-97.30439919
194 ,32.69021177,-97.30439919
195 ,32.62894359,-97.29883891
196 ,32.62106728,-97.29657544
197 ,32.85271177,-97.28274855
198 ,32.82771177,-97.28274855
199 ,32.80271177,-97.28274855
200 ,32.75271177,-97.28274855
201 ,32.72771177,-97.28274855
202 ,32.70271177,-97.28274855
203 ,32.67771177,-97.28274855
204 ,32.65271177,-97.28274855
205 ,32.62771177,-97.28274855
206 ,32.74021177,-97.26109792
207 ,32.71521177,-97.26109792
208 ,32.69021177,-97.26109792
209 ,32.66521177,-97.26109792
210 ,32.6495609,-97.26690423
211 ,32.87771177,-97.23944728
212 ,32.85271177,-97.23944728
213 ,32.75271177,-97.23944728
214 ,32.72771177,-97.23944728
215 ,32.70271177,-97.23944728
216 ,32.67771177,-97.23944728
217 ,32.86521177,-97.21779665
218 ,32.76521177,-97.21779665
219 ,32.74021177,-97.21779665
220 ,32.72323234,-97.22419343
221 ,32.75271177,-97.19614601
222 ,32.72771177,-97.19614601
223 ,32.62771177,-97.19614601
224 ,32.76521177,-97.17449538
225 ,32.71521177,-97.17449538
226 ,32.64021177,-97.17449538
227 ,32.59021177,-97.17449538
228 ,32.56417844,-97.18226993
229 ,32.75271177,-97.15284474
230 ,32.70271177,-97.15284474
231 ,32.57771177,-97.15284474
232 ,32.56521177,-97.13119411
233 ,32.90271177,-97.10954347
234 ,32.87771177,-97.10954347
235 ,32.72771177,-97.10954347
236 ,32.67771177,-97.10954347
237 ,32.69021177,-97.08789284
238 ,32.77771177,-97.0662422
239 ,32.70271177,-97.0662422
240 ,32.82864668,-97.01073785
241 ,32.80271177,-97.02294093
242 ,32.77613717,-97.03317578
243 ,32.75271177,-97.02294093
244 ,32.72771177,-97.02294093
245 ,32.70271177,-97.02294093
246 ,32.6829276,-97.01472353
247 ,32.65271177,-97.02294093
248 ,32.81521177,-97.0012903
249 ,32.80127696,-96.98757413
250 ,32.75783087,-97.00581725
251 ,32.69021177,-97.0012903
252 ,32.66521177,-97.0012903
253 ,32.77771177,-96.97963966
254 ,32.75271177,-96.97963966
255 ,32.70271177,-96.97963966
256 ,32.68071333,-96.98869357
257 ,32.96521177,-96.95798903
258 ,32.94021177,-96.95798903
259 ,32.76521177,-96.95798903
260 ,32.74021177,-96.95798903
261 ,32.61521177,-96.95798903
262 ,32.95271177,-96.93633839
263 ,32.92771177,-96.93633839
264 ,32.62771177,-96.93633839
265 ,32.84021177,-96.91468776
266 ,32.81521177,-96.91468776
267 ,32.76521177,-96.91468776
268 ,33.10271177,-96.89303712
269 ,32.86031409,-96.88976492
270 ,32.81944516,-96.89077365
271 ,32.77771177,-96.89303712
272 ,32.67771177,-96.89303712
273 ,32.65271177,-96.89303712
274 ,33.01521177,-96.87138649
275 ,32.79021177,-96.87138649
276 ,32.76521177,-96.87138649
277 ,32.71521177,-96.87138649
278 ,32.69021177,-96.87138649
279 ,32.66521177,-96.87138649
280 ,32.56521177,-96.87138649
281 ,32.77771177,-96.84973585
282 ,32.57771177,-96.84973585
283 ,32.55246574,-96.85396757
284 ,32.40271177,-96.84973585
285 ,32.37771177,-96.84973585
286 ,32.69021177,-96.82808522
287 ,32.66521177,-96.82808522
288 ,32.64021177,-96.82808522
289 ,32.56521177,-96.82808522
290 ,32.54021177,-96.82808522
291 ,32.39021177,-96.82808522
292 ,32.36521177,-96.82808522
293 ,32.70271177,-96.80643458
294 ,32.67771177,-96.80643458
295 ,32.54424834,-96.8106663
296 ,32.52771177,-96.80643458
297 ,32.38095936,-96.81844084
298 ,32.34897211,-96.81125677
299 ,32.94021177,-96.78478395
300 ,32.91521177,-96.78478395
301 ,32.71521177,-96.78478395
302 ,32.61521177,-96.78478395
303 ,32.54021177,-96.78478395
304 ,33.12771177,-96.76313331
305 ,32.92771177,-96.76313331
306 ,32.77771177,-96.76313331
307 ,32.72771177,-96.76313331
308 ,32.70271177,-96.76313331
309 ,32.67771177,-96.76313331
310 ,32.60271177,-96.76313331
311 ,32.55271177,-96.76313331
312 ,32.52771177,-96.76313331
313 ,32.79021177,-96.74148268
314 ,32.76521177,-96.74148268
315 ,32.7404578,-96.74935564
316 ,32.71521177,-96.74148268
317 ,32.69021177,-96.74148268
318 ,32.66521177,-96.74148268
319 ,32.77771177,-96.71983204
320 ,32.75271177,-96.71983204
321 ,32.72771177,-96.71983204
322 ,32.70271177,-96.71983204
323 ,32.89021177,-96.69818141
324 ,32.86521177,-96.69818141
325 ,32.81521177,-96.69818141
326 ,32.79021177,-96.69818141
327 ,32.71521177,-96.69818141
328 ,32.61521177,-96.69818141
329 ,32.59508316,-96.68799577
330 ,32.87771177,-96.67653077
331 ,32.80271177,-96.67653077
332 ,32.70271177,-96.67653077
333 ,32.67771177,-96.67653077
334 ,32.60271177,-96.67653077
335 ,32.81521177,-96.65488014
336 ,32.79021177,-96.65488014
337 ,32.76521177,-96.65488014
338 ,32.74021177,-96.65488014
339 ,32.92771177,-96.6332295
340 ,32.85271177,-96.6332295
341 ,32.82771177,-96.6332295
342 ,32.77771177,-96.6332295
343 ,32.94021177,-96.61157887
344 ,32.91521177,-96.61157887
345 ,32.89021177,-96.61157887
346 ,32.84021177,-96.61157887
347 ,32.79021177,-96.61157887
348 ,32.85271177,-96.58992823
349 ,32.70271177,-96.58992823
350 ,32.67771177,-96.58992823
351 ,32.85231812,-96.55356501
352 ,32.91521177,-96.52497633
353 ,32.89021177,-96.52497633
354 ,32.92072452,-96.51114944
355 ,32.90635301,-96.51213356
356 ,32.87771177,-96.50332569
357 ,29.55708706,-95.8167759
358 ,29.53208706,-95.8167759
359 ,29.54458706,-95.79512526
360 ,29.81958706,-95.75182399
361 ,29.93208706,-95.64357082
362 ,29.60708706,-95.64357082
363 ,29.58208706,-95.64357082
364 ,29.94458706,-95.62192018
365 ,29.91958706,-95.62192018
366 ,29.89458706,-95.62192018
367 ,29.59458706,-95.62192018
368 ,29.90708706,-95.60026955
369 ,29.88208706,-95.60026955
370 ,29.86958706,-95.53531764
371 ,29.88208706,-95.51366701
372 ,29.85708706,-95.51366701
373 ,30.01958706,-95.49201637
374 ,29.94458706,-95.49201637
375 ,29.89458706,-95.49201637
376 ,29.64458706,-95.49201637
377 ,29.61958706,-95.49201637
378 ,29.59458706,-95.49201637
379 ,29.56958706,-95.49201637
380 ,30.08208706,-95.47036574
381 ,30.00708706,-95.47036574
382 ,29.93208706,-95.47036574
383 ,29.90708706,-95.47036574
384 ,29.88208706,-95.47036574
385 ,29.65708706,-95.47036574
386 ,29.63208706,-95.47036574
387 ,29.60708706,-95.47036574
388 ,29.96958706,-95.4487151
389 ,29.94458706,-95.4487151
390 ,29.91958706,-95.4487151
391 ,29.89458706,-95.4487151
392 ,29.86958706,-95.4487151
393 ,29.84458706,-95.4487151
394 ,29.64458706,-95.4487151
395 ,29.61958706,-95.4487151
396 ,29.59458706,-95.4487151
397 ,29.95708706,-95.42706447
398 ,29.85708706,-95.42706447
399 ,29.99458706,-95.40541383
400 ,29.91958706,-95.40541383
401 ,29.89458706,-95.40541383
402 ,29.69458706,-95.40541383
403 ,30.05708706,-95.3837632
404 ,30.03208706,-95.3837632
405 ,30.00708706,-95.3837632
406 ,29.98208706,-95.3837632
407 ,29.95708706,-95.3837632
408 ,29.93208706,-95.3837632
409 ,29.90708706,-95.3837632
410 ,29.70708706,-95.3837632
411 ,29.68208706,-95.3837632
412 ,29.65708706,-95.3837632
413 ,29.62322998,-95.37894101
414 ,30.04458706,-95.36211256
415 ,30.02701717,-95.35731498
416 ,29.99458706,-95.36211256
417 ,29.96958706,-95.36211256
418 ,29.94458706,-95.36211256
419 ,29.91958706,-95.36211256
420 ,29.89458706,-95.36211256
421 ,29.74458706,-95.36211256
422 ,29.71958706,-95.36211256
423 ,29.66958706,-95.36211256
424 ,29.64458706,-95.36211256
425 ,30.03932034,-95.33992066
426 ,30.00708706,-95.34046193
427 ,29.93208706,-95.34046193
428 ,29.90708706,-95.34046193
429 ,29.88208706,-95.34046193
430 ,29.85708706,-95.34046193
431 ,29.83208706,-95.34046193
432 ,29.75708706,-95.34046193
433 ,29.73208706,-95.34046193
434 ,29.70708706,-95.34046193
435 ,29.65708706,-95.34046193
436 ,29.84458706,-95.31881129
437 ,29.81958706,-95.31881129
438 ,29.79458706,-95.31881129
439 ,29.76958706,-95.31881129
440 ,29.74458706,-95.31881129
441 ,29.71958706,-95.31881129
442 ,29.66958706,-95.31881129
443 ,29.64458706,-95.31881129
444 ,29.88208706,-95.29716066
445 ,29.83208706,-95.29716066
446 ,29.80708706,-95.29716066
447 ,29.75708706,-95.29716066
448 ,29.68208706,-95.29716066
449 ,29.89458706,-95.27551002
450 ,29.86958706,-95.27551002
451 ,29.79458706,-95.27551002
452 ,29.76958706,-95.27551002
453 ,29.74458706,-95.27551002
454 ,29.71958706,-95.27551002
455 ,29.88208706,-95.25385938
456 ,29.85708706,-95.25385938
457 ,29.80708706,-95.25385938
458 ,29.78208706,-95.25385938
459 ,29.75708706,-95.25385938
460 ,29.73208706,-95.25385938
461 ,29.68208706,-95.25385938
462 ,29.84458706,-95.23220875
463 ,29.81958706,-95.23220875
464 ,29.78440142,-95.22748497
465 ,29.76958706,-95.23220875
466 ,29.69458706,-95.23220875
467 ,29.80708706,-95.21055811
468 ,29.78208706,-95.21055811
469 ,29.75708706,-95.21055811
470 ,29.65708706,-95.21055811
471 ,29.63208706,-95.21055811
472 ,29.58208706,-95.21055811
473 ,30.04458706,-95.18890748
474 ,29.81958706,-95.18890748
475 ,29.76958706,-95.18890748
476 ,29.64458706,-95.18890748
477 ,29.61958706,-95.18890748
478 ,29.59458706,-95.18890748
479 ,29.75708706,-95.16725684
480 ,29.68208706,-95.16725684
481 ,29.65708706,-95.16725684
482 ,29.76958706,-95.14560621
483 ,29.74458706,-95.14560621
484 ,29.64458706,-95.14560621
485 ,29.78208706,-95.12395557
486 ,29.75708706,-95.12395557
487 ,29.72625615,-95.1225163
488 ,29.65708706,-95.12395557
489 ,29.79458706,-95.10230494
490 ,29.76958706,-95.10230494
491 ,29.74458706,-95.10230494
492 ,29.80708706,-95.0806543
493 ,29.78208706,-95.0806543
494 ,29.75708706,-95.0806543
495 ,29.68208706,-95.0806543
496 ,29.78691093,-95.0543291
497 ,29.69458706,-95.05900367
498 ,29.66068078,-95.06313697
499 ,29.80708706,-95.03735303
500 ,29.67131095,-95.03125149
501 ,29.65708706,-95.03735303
502 ,29.81958706,-95.0157024
503 ,29.79458706,-95.0157024
504 ,29.66958706,-95.0157024
505 ,29.83208706,-94.99405176
506 ,29.80708706,-94.99405176
507 ,29.73208706,-94.99405176
508 ,29.71786317,-94.99646286
509 ,29.76958706,-94.97240113
510 ,29.71958706,-94.97240113
511 ,29.78208706,-94.95075049
512 ,29.75708706,-94.95075049
513 ,29.73208706,-94.95075049
514 ,34.07092406,-118.197674
515 ,34.05842406,-118.1760234
516 ,33.98342406,-117.8729145
517 ,33.95842406,-117.8729145
518 ,33.97092406,-117.8512638
519 ,33.88342406,-118.2626259
520 ,33.85842406,-118.2626259
521 ,33.87092406,-118.2409753
522 ,33.89592406,-118.2409753
523 ,33.97092406,-118.0244689
524 ,34.02092406,-117.8945651
525 ,34.02092406,-118.0677702
526 ,33.99592406,-118.0677702
527 ,34.00842406,-118.3059272
528 ,34.30842406,-118.4791322
529 ,34.32092406,-118.4574816
530 ,34.02092406,-117.8079626
531 ,34.27092406,-118.5007829
532 ,33.99592406,-117.8079626
533 ,34.19592406,-118.197674
534 ,33.78342406,-118.3059272
535 ,34.32092406,-118.4141803
536 ,33.77092406,-118.0244689
537 ,33.79592406,-117.7646613
538 ,33.87092406,-117.9811676
539 ,33.82092406,-117.8945651
540 ,33.79592406,-117.8945651
541 ,33.89592406,-117.8079626
542 ,33.90842406,-117.7863119
543 ,33.58342406,-117.8296132
544 ,33.59592406,-117.8079626
545 ,34.23342406,-118.5224335
546 ,33.78342406,-117.8729145
547 ,33.75842406,-118.0894208
548 ,33.84592406,-117.8512638
549 ,33.90842406,-117.959517
550 ,33.88342406,-117.959517
551 ,33.82092406,-117.8079626
552 ,33.98342406,-118.3492284
553 ,33.99592406,-118.3708791
554 ,34.08342406,-118.1760234
555 ,34.07092406,-118.1543727
556 ,34.04592406,-118.197674
557 ,34.03342406,-117.8296132
558 ,34.02092406,-117.5914562
559 ,34.18342406,-118.2193246
560 ,34.10842406,-117.7863119
561 ,33.79592406,-118.2842765
562 ,34.18342406,-118.1327221
563 ,34.03342406,-117.7430107
564 ,33.72092406,-118.2842765
565 ,34.12092406,-117.8079626
566 ,33.89592406,-118.0677702
567 ,33.90842406,-118.0461195
568 ,34.30842406,-118.435831
569 ,34.23342406,-118.3925297
570 ,33.75842406,-118.2626259
571 ,33.79592406,-118.2409753
572 ,33.77092406,-118.2409753
573 ,33.83342406,-118.2193246
574 ,33.80842406,-118.2193246
575 ,33.78342406,-118.2193246
576 ,34.07092406,-117.5914562
577 ,34.10842406,-117.5265043
578 ,33.97092406,-118.3275778
579 ,34.00842406,-118.1327221
580 ,33.98342406,-118.1327221
581 ,33.99592406,-118.1110714
582 ,34.00842406,-118.1760234
583 ,34.02092406,-118.1543727
584 ,39.97522398,-75.82234737
585 ,39.98772398,-75.80069674
586 ,39.90022398,-75.30273213
587 ,40.1628716,-74.81561744
588 ,40.17522398,-74.86971943
589 ,40.18772398,-74.84806879
590 ,40.17522398,-74.82641816
591 ,39.99481132,-75.81412997
592 ,40.12231915,-74.97083773
593 ,40.12522398,-74.95632197
594 ,39.88772398,-75.36768403
595 ,39.82064614,-75.41536464
596 ,40.18772398,-75.10787641
597 ,40.13772398,-74.89137006
598 ,40.11272398,-74.93467133
599 ,39.83314614,-75.39292671
600 ,39.84682709,-75.37171893
601 ,39.8570144,-75.35065876
602 ,39.85022398,-75.38933467
603 ,40.41272398,-75.36768403
604 ,40.42522398,-75.3460334
605 ,40.40492315,-75.35368493
606 ,40.12522398,-74.9130207
607 ,40.12522398,-74.86971943
608 ,40.13772398,-74.84806879
609 ,40.11272398,-74.84806879
610 ,40.12522398,-74.82641816
611 ,40.27522398,-75.12952705
612 ,40.10022398,-74.86971943
613 ,39.83772398,-75.75739547
614 ,39.85022398,-75.73574483
615 ,40.11272398,-74.89137006
616 ,39.95022398,-75.60584102
617 ,39.92522398,-75.60584102
618 ,39.97522398,-75.25943086
619 ,39.98772398,-75.23778022
620 ,40.17522398,-75.56253975
621 ,40.18772398,-75.54088911
622 ,40.01272398,-75.7140942
623 ,40.00022398,-75.64914229
624 ,40.01272398,-75.62749166
625 ,39.98772398,-75.62749166
626 ,39.88772398,-75.28108149
627 ,39.87103979,-75.28614971
628 ,39.82522398,-75.82234737
629 ,39.95829544,-75.92321965
630 ,39.95504616,-75.9162324
631 ,40.31272398,-75.32438276
632 ,40.09923986,-75.20869948
633 ,40.07522398,-75.21612959
634 ,40.10022398,-75.3460334
635 ,40.11272398,-75.32438276
636 ,40.17522398,-75.30273213
637 ,40.15022398,-75.30273213
638 ,40.16272398,-75.28108149
639 ,40.25022398,-75.38933467
640 ,40.26272398,-75.36768403
641 ,40.24289061,-75.3591714
642 ,40.17522398,-75.12952705
643 ,40.13772398,-75.4109853
644 ,40.11272398,-75.4109853
645 ,40.12522398,-75.38933467
646 ,40.15022398,-75.56253975
647 ,40.17347549,-75.54593273
648 ,39.72522398,-74.99962324
649 ,39.71272398,-74.9779726
650 ,39.70740805,-74.95853624
651 ,39.71001765,-74.92387062
652 ,39.83772398,-75.02127387
653 ,39.81272398,-75.02127387
654 ,39.77832563,-74.89100102
655 ,39.76272398,-74.89137006
656 ,39.77522398,-74.86971943
657 ,39.78772398,-75.06457514
658 ,39.80022398,-75.04292451
659 ,39.77522398,-75.04292451
660 ,39.84190649,-75.24211035
661 ,40.01272398,-74.89137006
662 ,40.02522398,-74.86971943
663 ,39.81272398,-74.9779726
664 ,39.823797,-74.94702204
665 ,39.80022398,-74.95632197
666 ,39.80804773,-75.0042486
667 ,40.05022398,-74.86971943
668 ,40.06272398,-74.84806879
669 ,40.08314782,-74.81170557
670 ,40.05381769,-74.81214842
671 ,40.10539061,-74.77544075
672 ,40.07916046,-74.78754543
673 ,40.09795882,-74.76171228
674 ,40.06498913,-74.91193817
675 ,40.05022398,-74.9130207
676 ,40.06272398,-74.89137006
677 ,39.95022398,-75.08622578
678 ,39.67522398,-74.99962324
679 ,39.85022398,-75.12952705
680 ,39.82522398,-75.12952705
681 ,39.87094138,-75.11038592
682 ,39.83772398,-75.10787641
683 ,39.85504784,-75.15171895
684 ,39.87522398,-75.12952705
685 ,39.72305891,-74.96444096
686 ,39.72913753,-74.93153445
687 ,39.92920966,-75.120916
688 ,39.93772398,-75.10787641
689 ,39.97522398,-74.78311689
690 ,39.8327771,-75.22016448
691 ,39.81389262,-75.1964718
692 ,39.72798119,-75.23423739
693 ,39.70022398,-75.12952705
694 ,39.89727162,-75.12111282
695 ,39.69677788,-75.1119113
696 ,39.71124612,-75.08455277
697 ,39.66513675,-75.09065432
698 ,39.65022398,-75.73574483
699 ,39.66272398,-75.7140942
700 ,39.68772398,-75.58419039
701 ,39.66272398,-75.58419039
702 ,39.67522398,-75.56253975
703 ,39.76272398,-75.54088911
704 ,39.67522398,-75.69244356
705 ,39.76272398,-75.58419039
706 ,39.67522398,-75.73574483
707 ,39.68772398,-75.7140942
708 ,39.72522398,-75.60584102
709 ,39.73772398,-75.62749166
710 ,39.73772398,-75.54088911
711 ,39.75022398,-75.51923848
712 ,39.78243266,-75.48139907
713 ,39.70022398,-75.56253975
714 ,39.66272398,-75.62749166
715 ,39.63772398,-75.67079293
716 ,39.62911125,-75.90668644
717 ,39.60898432,-75.87962314
718 ,39.61986053,-75.85949789
719 ,39.60573505,-75.86717403
720 ,39.58026759,-75.86380342
721 ,39.61011606,-75.83499331
722 ,39.58782239,-75.83833932
723 ,39.61794149,-75.82948224
724 ,39.60022398,-75.82234737
725 ,39.57384621,-75.816049
726 ,39.59879533,-75.80350148
727 ,39.60356999,-75.7782096
728 ,33.58324376,-112.1024566
729 ,33.57074376,-112.080806
730 ,33.52074376,-111.9942034
731 ,33.53324376,-111.9725528
732 ,33.50824376,-111.9725528
733 ,33.30824376,-112.0591553
734 ,33.40824376,-111.9725528
735 ,33.42074376,-111.9509022
736 ,33.49574376,-112.1674085
737 ,33.47074376,-112.1674085
738 ,33.48324376,-112.1457579
739 ,33.63304693,-112.3239082
740 ,33.64574376,-112.2973123
741 ,33.62074376,-112.2973123
742 ,33.30824376,-111.842649
743 ,33.28324376,-111.842649
744 ,33.29574376,-111.8209984
745 ,33.40342157,-112.1384754
746 ,33.42074376,-112.1241072
747 ,33.39574376,-112.1241072
748 ,33.43324376,-112.1024566
749 ,33.40824376,-112.1024566
750 ,33.60824376,-112.318963
751 ,33.59574376,-112.2973123
752 ,33.37074376,-112.080806
753 ,33.36513259,-112.0616156
754 ,33.27074376,-111.6910945
755 ,33.57074376,-112.2107098
756 ,33.54574376,-112.2107098
757 ,33.55824376,-112.1890592
758 ,33.42074376,-111.6910945
759 ,33.23324376,-111.8859503
760 ,33.20824376,-111.8859503
761 ,33.43324376,-111.842649
762 ,33.62074376,-112.3406136
763 ,33.59574376,-112.1241072
764 ,33.68324376,-112.1457579
765 ,33.45824376,-112.1024566
766 ,33.47074376,-112.1241072
767 ,33.48324376,-112.1024566
768 ,33.59574376,-112.3839149
769 ,33.59574376,-112.3406136
770 ,33.58324376,-112.318963
771 ,33.43324376,-112.0591553
772 ,33.44574376,-112.0375047
773 ,33.42074376,-112.0375047
774 ,33.62074376,-112.2540111
775 ,33.57074376,-112.2973123
776 ,33.59574376,-112.2540111
777 ,33.57074376,-112.2540111
778 ,33.65824376,-112.1890592
779 ,33.6661676,-112.1705085
780 ,33.42074376,-111.6477933
781 ,33.45066603,-111.8392538
782 ,33.46105018,-111.8188825
783 ,33.44574376,-111.8209984
784 ,33.69146283,-112.1276993
785 ,33.68324376,-112.1024566
786 ,33.15824376,-111.5395401
787 ,33.14574376,-111.5178895
788 ,33.43166916,-111.5506607
789 ,33.40824376,-111.5395401
790 ,33.34574376,-111.8209984
791 ,33.40824376,-111.842649
792 ,33.39574376,-111.8209984
793 ,33.23314534,-111.5499226
794 ,33.21158976,-111.5483972
795 ,33.65824376,-112.1024566
796 ,33.67074376,-112.080806
797 ,33.59574376,-112.0375047
798 ,33.62074376,-112.0375047
799 ,33.45824376,-112.1890592
800 ,33.43324376,-112.1890592
801 ,33.44574376,-112.1674085
802 ,33.45824376,-112.1457579
803 ,33.43324376,-112.1457579
804 ,33.64574376,-111.9942034
805 ,33.80824376,-111.9725528
806 ,33.82074376,-111.9509022
807 ,33.79574376,-111.9509022
808 ,33.83324376,-111.9292515
809 ,33.80824376,-111.9292515
810 ,33.82074376,-111.9076009
811 ,33.79574376,-111.9076009
812 ,33.80799773,-111.8937187
813 ,33.49574376,-112.1241072
814 ,33.48324376,-112.0591553
815 ,33.49574376,-112.0375047
816 ,33.53324376,-112.1890592
817 ,33.44574376,-112.080806
818 ,33.45824376,-112.0591553
819 ,33.58324376,-112.2756617
820 ,33.50824376,-112.0591553
821 ,33.47074376,-112.0375047
822 ,33.41011526,-112.0749997
823 ,33.52074376,-111.9509022
824 ,33.49574376,-111.9509022
825 ,33.50824376,-111.9292515
826 ,33.40824376,-112.0158541
827 ,33.39574376,-111.9942034
828 ,33.39574376,-112.0375047
829 ,33.40824376,-112.0591553
830 ,33.38324376,-112.1457579
831 ,33.47074376,-111.9076009
832 ,33.44830247,-111.9181802
833 ,33.60824376,-112.1024566
834 ,33.62074376,-112.1241072
835 ,33.85824376,-111.842649
836 ,33.81823257,-111.8473236
837 ,33.48969142,-111.6909961
838 ,33.48728033,-111.6541901
839 ,33.460212,-111.5755097
840 ,33.46100097,-111.5621749
841 ,33.45824376,-111.5395401
842 ,33.47074376,-111.5178895
843 ,33.45824376,-111.4962388
844 ,33.38324376,-112.0158541
845 ,33.43324376,-111.9292515
846 ,33.33383423,-112.0076859
847 ,33.32074376,-111.9942034
848 ,33.60824376,-112.0158541
849 ,33.58324376,-112.0158541
850 ,33.44574376,-111.6910945
851 ,33.45824376,-111.6694439
852 ,33.43324376,-111.6694439
853 ,33.44574376,-111.8642996
854 ,33.39574376,-112.080806
855 ,33.47074376,-112.080806
856 ,33.60824376,-112.2756617
857 ,33.57221994,-111.7664289
858 ,33.59082148,-111.7545703
859 ,33.59574376,-111.7343958
860 ,33.57074376,-111.7343958
861 ,33.38324376,-111.9725528
862 ,33.35824376,-111.9725528
863 ,33.37074376,-111.9509022
864 ,33.34574376,-111.9509022
865 ,29.46592194,-98.7115471
866 ,29.44092194,-98.7115471
867 ,29.52842194,-98.68989646
868 ,29.45342194,-98.68989646
869 ,29.40342194,-98.68989646
870 ,29.51592194,-98.66824583
871 ,29.49092194,-98.66824583
872 ,29.41592194,-98.66824583
873 ,29.67842194,-98.64659519
874 ,29.57842194,-98.64659519
875 ,29.55342194,-98.64659519
876 ,29.50342194,-98.64659519
877 ,29.40342194,-98.64659519
878 ,29.37842194,-98.64659519
879 ,29.59092194,-98.62494455
880 ,29.56213308,-98.61982713
881 ,29.54092194,-98.62494455
882 ,29.51592194,-98.62494455
883 ,29.49092194,-98.62494455
884 ,29.46592194,-98.62494455
885 ,29.41592194,-98.62494455
886 ,29.36592194,-98.62494455
887 ,29.57842194,-98.60329392
888 ,29.52842194,-98.60329392
889 ,29.50342194,-98.60329392
890 ,29.47842194,-98.60329392
891 ,29.45342194,-98.60329392
892 ,29.43929646,-98.61074863
893 ,29.40342194,-98.60329392
894 ,29.37842194,-98.60329392
895 ,29.35342194,-98.60329392
896 ,29.33732822,-98.60093203
897 ,29.59092194,-98.58164328
898 ,29.56592194,-98.58164328
899 ,29.54092194,-98.58164328
900 ,29.51592194,-98.58164328
901 ,29.46592194,-98.58164328
902 ,29.44092194,-98.58164328
903 ,29.41592194,-98.58164328
904 ,29.40263296,-98.57234335
905 ,29.36592194,-98.58164328
906 ,29.34092194,-98.58164328
907 ,29.31592194,-98.58164328
908 ,29.50342194,-98.55999265
909 ,29.45342194,-98.55999265
910 ,29.40342194,-98.55999265
911 ,29.36892518,-98.55472761
912 ,29.35342194,-98.55999265
913 ,29.32842194,-98.55999265
914 ,29.44092194,-98.53834201
915 ,29.39092194,-98.53834201
916 ,29.36592194,-98.53834201
917 ,29.34092194,-98.53834201
918 ,29.45342194,-98.51669138
919 ,29.35342194,-98.51669138
920 ,29.32842194,-98.51669138
921 ,29.51592194,-98.49504074
922 ,29.46592194,-98.49504074
923 ,29.39092194,-98.49504074
924 ,29.34092194,-98.49504074
925 ,29.67842194,-98.47339011
926 ,29.57842194,-98.47339011
927 ,29.51621885,-98.4831821
928 ,29.47842194,-98.47339011
929 ,29.45342194,-98.47339011
930 ,29.42842194,-98.47339011
931 ,29.40342194,-98.47339011
932 ,29.37842194,-98.47339011
933 ,29.32842194,-98.47339011
934 ,29.30342194,-98.47339011
935 ,29.27938146,-98.46335209
936 ,29.25342194,-98.47339011
937 ,29.66592194,-98.45173947
938 ,29.59092194,-98.45173947
939 ,29.53049027,-98.44499825
940 ,29.51592194,-98.45173947
941 ,29.46592194,-98.45173947
942 ,29.44092194,-98.45173947
943 ,29.41592194,-98.45173947
944 ,29.39092194,-98.45173947
945 ,29.36592194,-98.45173947
946 ,29.31951398,-98.45257598
947 ,29.52842194,-98.43008884
948 ,29.50342194,-98.43008884
949 ,29.45770286,-98.4379618
950 ,29.42842194,-98.43008884
951 ,29.40342194,-98.43008884
952 ,29.37842194,-98.43008884
953 ,29.35342194,-98.43008884
954 ,29.54092194,-98.4084382
955 ,29.51592194,-98.4084382
956 ,29.46592194,-98.4084382
957 ,29.44092194,-98.4084382
958 ,29.41592194,-98.4084382
959 ,29.39092194,-98.4084382
960 ,29.36592194,-98.4084382
961 ,29.57842194,-98.38678757
962 ,29.52842194,-98.38678757
963 ,29.50342194,-98.38678757
964 ,29.47842194,-98.38678757
965 ,29.45342194,-98.38678757
966 ,29.42842194,-98.38678757
967 ,29.37842194,-98.38678757
968 ,29.35571002,-98.40455093
969 ,29.30342194,-98.38678757
970 ,29.54092194,-98.36513693
971 ,29.46592194,-98.36513693
972 ,29.36921874,-98.37158292
973 ,29.50342194,-98.3434863
974 ,29.56592194,-98.32183566
975 ,29.51592194,-98.32183566
976 ,29.52842194,-98.30018503
977 ,32.71462374,-117.01494
978 ,32.86462374,-116.9283374
979 ,32.83962374,-116.9283374
980 ,32.81462374,-116.9283374
981 ,32.82712374,-116.9066868
982 ,32.78962374,-116.9716387
983 ,33.23962374,-117.3180489
984 ,33.25212374,-117.2963982
985 ,32.9358332,-117.250366
986 ,32.92131575,-117.2282972
987 ,32.88962374,-117.2314463
988 ,32.90212374,-117.2097957
989 ,32.87712374,-117.2097957
990 ,32.78962374,-117.1015425
991 ,32.68962374,-117.0582413
992 ,32.70212374,-117.0365906
993 ,32.82712374,-117.2097957
994 ,32.81462374,-117.0582413
995 ,32.73962374,-117.01494
996 ,32.75212374,-116.9932893
997 ,33.13962374,-117.1015425
998 ,33.15212374,-117.0798919
999 ,33.20586507,-117.35857
1000 ,33.22712374,-117.3396995
1001 ,33.20212374,-117.3396995
1002 ,32.72869833,-116.9593864
1003 ,33.15212374,-117.1664944
1004 ,32.96846181,-117.0952196
1005 ,32.93962374,-117.1015425
1006 ,32.73962374,-117.0582413
1007 ,37.38648702,-122.2220364
1008 ,37.39898702,-122.2003857
1009 ,37.43648702,-122.1787351
1010 ,37.28648702,-122.0488313
1011 ,37.27398702,-122.0271807
1012 ,37.19898702,-121.9838794
1013 ,37.22204171,-121.9650581
1014 ,37.37398702,-121.9405781
1015 ,37.23011317,-121.9472701
1016 ,37.41148702,-121.9189275
1017 ,37.36148702,-121.9189275
1018 ,37.21148702,-121.9189275
1019 ,37.37398702,-121.8972768
1020 ,37.36148702,-121.8756262
1021 ,37.33648702,-121.7890237
1022 ,40.86013495,-73.34325502
1023 ,40.87263495,-73.32160439
1024 ,40.88513495,-73.29995375
1025 ,40.84763495,-73.14839931
1026 ,41.08513495,-73.81956899
1027 ,41.09763495,-73.79791836
1028 ,41.07263495,-73.79791836
1029 ,40.78513495,-72.95354359
1030 ,40.77263495,-72.93189296
1031 ,40.82263495,-72.7153866
1032 ,40.83264389,-72.68337196
1033 ,40.81013495,-72.69373597
1034 ,40.89763495,-73.0184955
1035 ,40.91013495,-72.99684486
1036 ,41.04763495,-73.79791836
1037 ,41.06013495,-73.77626772
1038 ,40.71013495,-73.55976137
1039 ,40.87263495,-73.53811074
1040 ,40.63513495,-73.60306264
1041 ,40.79763495,-73.58141201
1042 ,40.78513495,-73.55976137
1043 ,41.12263495,-74.05772598
1044 ,41.19763495,-73.97112344
1045 ,41.1897111,-73.96310286
1046 ,41.19763495,-73.92782217
1047 ,41.13513495,-73.9494728
1048 ,41.08513495,-74.03607535
1049 ,41.06013495,-74.03607535
1050 ,41.07263495,-74.01442471
1051 ,41.11013495,-74.12267789
1052 ,41.12263495,-74.10102725
1053 ,41.09763495,-74.10102725
1054 ,41.13513495,-74.12267789
1055 ,40.82263495,-73.40820693
1056 ,40.79763495,-73.40820693
1057 ,40.81013495,-73.38655629
1058 ,40.81013495,-73.12674867
1059 ,40.82263495,-73.10509804
1060 ,40.86013495,-73.17004994
1061 ,40.92263495,-73.79791836
1062 ,40.33513495,-74.51238932
1063 ,40.35784519,-74.49767673
1064 ,40.32263495,-74.49073868
1065 ,40.29763495,-74.49073868
1066 ,40.33513495,-74.46908805
1067 ,40.31013495,-74.46908805
1068 ,40.76013495,-74.29588297
1069 ,40.79763495,-74.23093106
1070 ,40.78513495,-74.20928043
1071 ,40.78513495,-74.29588297
1072 ,40.79763495,-74.27423233
1073 ,40.81013495,-74.20928043
1074 ,40.77745713,-74.3109892
1075 ,39.76859838,-74.20524553
1076 ,39.74778256,-74.1984059
1077 ,40.03513495,-74.20928043
1078 ,40.04763495,-74.18762979
1079 ,39.93513495,-74.38248551
1080 ,39.94763495,-74.36083487
1081 ,39.92263495,-74.36083487
1082 ,40.13513495,-74.2525817
1083 ,40.12263495,-74.27423233
1084 ,40.54763495,-74.53403995
1085 ,40.53513495,-74.59899186
1086 ,40.54074611,-74.58486974
1087 ,40.66013495,-74.12267789
1088 ,40.51013495,-74.51238932
1089 ,40.52263495,-74.49073868
1090 ,40.09763495,-74.14432852
1091 ,40.81013495,-74.16597916
1092 ,40.91013495,-74.51238932
1093 ,41.03513495,-74.29588297
1094 ,41.01013495,-74.29588297
1095 ,40.43513495,-74.12267789
1096 ,40.96013495,-73.9494728
1097 ,40.97184765,-73.94292841
1098 ,40.18513495,-74.2525817
1099 ,40.17263495,-74.23093106
1100 ,40.16013495,-74.20928043
1101 ,40.94763495,-73.97112344
1102 ,40.91013495,-74.12267789
1103 ,40.88513495,-74.12267789
1104 ,40.44763495,-74.14432852
1105 ,40.88990793,-73.95550054
1106 ,40.27263495,-74.23093106
1107 ,40.18085235,-74.40516947
1108 ,40.19679845,-74.37264431
1109 ,40.21013495,-74.33918424
1110 ,40.19763495,-74.3175336
1111 ,40.17263495,-74.3175336
1112 ,40.21013495,-74.29588297
1113 ,40.18912063,-74.28476241
1114 ,40.19763495,-74.27423233
1115 ,40.21013495,-74.2525817
1116 ,40.9064445,-74.68384759
1117 ,40.88513495,-74.6855944
1118 ,40.92263495,-74.66394376
1119 ,40.89763495,-74.66394376
1120 ,40.98513495,-74.29588297
1121 ,40.99763495,-74.27423233
1122 ,40.92263495,-73.97112344
1123 ,40.93513495,-73.9494728
1124 ,40.91013495,-73.9494728
1125 ,40.46013495,-74.2525817
1126 ,40.44763495,-74.23093106
1127 ,40.43513495,-74.38248551
1128 ,40.44763495,-74.36083487
1129 ,40.42263495,-74.36083487
1130 ,40.48513495,-74.2525817
1131 ,41.01013495,-74.33918424
1132 ,41.01176042,-74.32252801
1133 ,40.91013495,-74.33918424
1134 ,40.88513495,-74.33918424
1135 ,40.86013495,-74.33918424
1136 ,40.88621916,-74.31133365
1137 ,40.87263495,-74.3175336
1138 ,40.88513495,-74.29588297
1139 ,40.89763495,-74.27423233
1140 ,40.82263495,-74.18762979
1141 ,40.39763495,-74.23093106
1142 ,40.01013495,-74.16597916
1143 ,40.02263495,-74.14432852
1144 ,40.58513495,-74.29588297
1145 ,40.57263495,-74.27423233
1146 ,40.48513495,-74.42578678
1147 ,39.81805711,-74.17153943
1148 ,40.54763495,-74.27423233
1149 ,40.34763495,-74.66394376
1150 ,39.97263495,-74.18762979
1151 ,40.82263495,-74.49073868
1152 ,40.58513495,-74.2525817
